Book Id,Title,Author,Author l-f,Additional Authors,ISBN,ISBN13,My Rating,Publisher,Binding,Number of Pages,Year Published,Original Publication Year,Date Read,Date Added,Bookshelves,Bookshelves with positions,Exclusive Shelf,My Review,Spoiler,Private Notes,Read Count,Owned Copies
208920820,Unleashed (Nick Hall Book 4),Douglas E. Richards,"Richards, Douglas E.",,"=""""","=""""",0,,Kindle Edition,376,2024,,,2024/10/30,to-read,to-read (#72),to-read,,,,0,0
24911173,BrainWeb,Douglas E. Richards,"Richards, Douglas E.",,"=""""","=""""",0,Paragon Press,Kindle Edition,360,2015,2015,,2024/10/30,to-read,to-read (#70),to-read,,,,0,0
32686435,MindWar,Douglas E. Richards,"Richards, Douglas E.",,"=""""","=""""",0,Paragon Press,Kindle Edition,402,2016,,,2024/10/30,to-read,to-read (#71),to-read,,,,0,0
20824260,Mind's Eye,Douglas E. Richards,"Richards, Douglas E.",,"=""""","=""""",0,Paragon Press,Kindle Edition,360,2014,2014,,2024/10/30,to-read,to-read (#69),to-read,,,,0,0
463063,The Chronicles of Prydain,Lloyd Alexander,"Alexander, Lloyd",,"=""0805082743""","=""9780805082746""",0,Square Fish,Paperback,1104,2007,1989,,2024/09/25,to-read,to-read (#68),to-read,,,,0,0
21787,The Princess Bride,William Goldman,"Goldman, William",,"=""0345418263""","=""9780345418265""",0,Ballantine Books,Paperback,429,2003,1973,,2024/09/25,to-read,to-read (#67),to-read,,,,0,0
7896527,"Throne of Glass (Throne of Glass, #1)",Sarah J. Maas,"Maas, Sarah J.",,"=""""","=""""",0,Bloomsbury USA Children's,Hardcover,406,2012,2012,,2024/07/11,to-read,to-read (#66),to-read,,,,0,0
15863832,"Angelfall (Penryn & the End of Days, #1)",Susan Ee,"Ee, Susan",,"=""1611094259""","=""9781611094251""",0,Skyscape,Kindle Edition,288,2012,2011,,2024/07/06,to-read,to-read (#65),to-read,,,,0,0
40961427,1984,George Orwell,"Orwell, George",,"=""""","=""""",0,Houghton Mifflin Harcourt,ebook,298,2013,1949,,2024/07/06,,,read,,,,1,0
201127814,"The Engineer (The Last Horizon, #2)",Will Wight,"Wight, Will",,"=""""","=""""",0,Hidden Gnome Publishing,Kindle Edition,419,2023,2023,,2024/01/11,to-read,to-read (#64),to-read,,,,0,0
123165953,"The Captain (The Last Horizon, #1)",Will Wight,"Wight, Will",,"=""""","=""""",0,Hidden Gnome Publishing,Kindle Edition,467,2023,2023,,2024/01/11,to-read,to-read (#63),to-read,,,,0,0
57903879,"ReDawn (Skyward, #2.2)",Brandon Sanderson,"Sanderson, Brandon",Janci Patterson,"=""0593566629""","=""9780593566626""",0,Delacorte Press,ebook,229,2021,2021,,2023/12/20,to-read,to-read (#62),to-read,,,,0,0
58465495,"Evershore (Skyward, #2.3)",Brandon Sanderson,"Sanderson, Brandon",Janci Patterson,"=""""","=""9780593566633""",0,Delacorte Press,ebook,234,2021,2021,,2023/12/20,to-read,to-read (#61),to-read,,,,0,0
57903876,"Sunreach (Skyward, #2.1)",Brandon Sanderson,"Sanderson, Brandon",Janci Patterson,"=""0593566610""","=""9780593566619""",0,Delacorte Press,ebook,208,2021,2021,,2023/12/20,to-read,to-read (#60),to-read,,,,0,0
43606308,"Defiant (Skyward, #4)",Brandon Sanderson,"Sanderson, Brandon",,"=""0593309715""","=""9780593309711""",0,Delacorte Press,Hardcover,420,2023,2023,,2023/12/20,to-read,to-read (#59),to-read,,,,0,0
43453386,"Esrahaddon (The Rise and Fall, #3)",Michael J. Sullivan,"Sullivan, Michael J.",,"=""""","=""""",0,Riyria Enterprises LLC,Paperback,713,2023,2023,,2023/11/10,to-read,to-read (#58),to-read,,,,0,0
57915993,Blood Over Bright Haven,M.L. Wang,"Wang, M.L.",,"=""""","=""""",0,M.L. Wang,Kindle Edition,527,2023,2023,,2023/11/10,to-read,to-read (#57),to-read,,,,0,0
29227774,"Light Bringer (Red Rising Saga, #6)",Pierce Brown,"Brown, Pierce",,"=""1473646804""","=""9781473646803""",0,Hodder & Stoughton,Hardcover,682,2023,2023,,2023/11/10,to-read,to-read (#56),to-read,,,,0,0
58416952,"The Will of the Many (Hierarchy, #1)",James Islington,"Islington, James",,"=""1982141190""","=""9781982141196""",0,Gallery / Saga Press,Kindle Edition,640,2023,2023,,2023/11/10,to-read,to-read (#55),to-read,,,,0,0
60531420,The Sunlit Man (Cosmere),Brandon Sanderson,"Sanderson, Brandon","Ernanda Souza, Nabetse Zitro, Kudriaken","=""1938570391""","=""9781938570391""",0,Dragonsteel Entertainment,Hardcover,447,2023,2023,,2023/11/10,to-read,to-read (#54),to-read,,,,0,0
60850767,"Children of Memory (Children of Time, #3)",Adrian Tchaikovsky,"Tchaikovsky, Adrian",,"=""1529087201""","=""9781529087208""",0,Tor,Kindle Edition,486,2022,2022,,2023/11/10,to-read,to-read (#53),to-read,,,,0,0
40376072,"Children of Ruin (Children of Time, #2)",Adrian Tchaikovsky,"Tchaikovsky, Adrian",Mel Hudson,"=""""","=""""",0,Macmillan Digital Audio,Audible Audio,597,2019,2019,,2023/11/10,to-read,to-read (#52),to-read,,,,0,0
25499718,"Children of Time (Children of Time, #1)",Adrian Tchaikovsky,"Tchaikovsky, Adrian",,"=""1447273281""","=""9781447273288""",0,PanMacmillan,Hardcover,600,2015,2015,,2023/11/10,to-read,to-read (#51),to-read,,,,0,0
60531416,"Yumi and the Nightmare Painter (Hoid's Travails, #2)",Brandon Sanderson,"Sanderson, Brandon",Aliya Chen,"=""1938570375""","=""9781938570377""",0,Dragonsteel Entertainment,Hardcover,480,2023,2023,,2023/09/19,to-read,to-read (#50),to-read,,,,0,0
136017402,"The Fall (The Bound and the Broken, #0.5)",Ryan  Cahill,"Cahill, Ryan",,"=""""","=""""",0,,ebook,95,2023,2020,,2023/09/19,to-read,to-read (#49),to-read,,,,0,0
59919045,"Of War and Ruin (The Bound and the Broken, #3)",Ryan  Cahill,"Cahill, Ryan",,"=""""","=""""",0,,Kindle Edition,1483,2023,2023,,2023/09/19,to-read,to-read (#48),to-read,,,,0,0
56750401,"Of Blood and Fire (The Bound and the Broken, #1)",Ryan  Cahill,"Cahill, Ryan",,"=""""","=""""",0,Ryan Cahill,Kindle Edition,541,2021,2021,,2023/09/19,to-read,to-read (#47),to-read,,,,0,0
34392663,"A Time of Dread (Of Blood and Bone, #1)",John Gwynne,"Gwynne, John",,"=""1509812946""","=""9781509812943""",0,Pan MacMillan,Hardcover,463,2018,2018,,2023/09/19,to-read,to-read (#46),to-read,,,,0,0
36454667,"Empire of Silence (The Sun Eater, #1)",Christopher Ruocchio,"Ruocchio, Christopher",,"=""0756413028""","=""9780756413026""",0,DAW,Kindle Edition,753,2018,2018,,2023/09/19,to-read,to-read (#45),to-read,,,,0,0
59348054,"Against All Gods (The Age of Bronze, #1)",Miles  Cameron,"Cameron, Miles",,"=""1473232511""","=""9781473232518""",0,Gollancz,Hardcover,496,2022,2022,,2023/09/19,to-read,to-read (#44),to-read,,,,0,0
58724872,"In the Shadow of Lightning (Glass Immortals, #1)",Brian  McClellan,"McClellan, Brian",,"=""1250755697""","=""9781250755698""",0,Tor Books,Hardcover,576,2022,2022,,2023/09/19,to-read,to-read (#43),to-read,,,,0,0
34807427,"Nolyn (The Rise and Fall, #1)",Michael J. Sullivan,"Sullivan, Michael J.",,"=""1944145648""","=""9781944145644""",0,Grim Oak Press,Hardcover,480,2021,2021,,2023/09/19,to-read,to-read (#42),to-read,,,,0,0
816,Cryptonomicon,Neal Stephenson,"Stephenson, Neal",,"=""""","=""""",0,Avon,Mass Market Paperback,1152,2002,1999,,2023/09/12,to-read,to-read (#41),to-read,,,,0,0
63339520,Zeitschmerz (Instabil #5),Sam Feuerbach,"Feuerbach, Sam",Thariot,"=""""","=""""",0,www.samfeuerbach.de,Kindle Edition,366,2022,2022,,2023/09/12,to-read,to-read (#40),to-read,,,,0,0
58091123,Zeitbruch (Instabil #4),Sam Feuerbach,"Feuerbach, Sam",Thariot,"=""""","=""""",0,,Kindle Edition,401,2021,2021,,2023/09/12,to-read,to-read (#39),to-read,,,,0,0
40162407,"Die Zukunft ist Schnee von gestern (Instabil, #3)",Sam Feuerbach,"Feuerbach, Sam",Thariot,"=""""","=""""",0,Amazon Digital Services,Kindle Edition,310,2018,2018,,2023/09/12,to-read,to-read (#38),to-read,,,,0,0
37184190,"Die Gegenwart ist nur ein Kartenhaus (Instabil, #2)",Sam Feuerbach,"Feuerbach, Sam",Thariot,"=""""","=""""",0,www.samfeuerbach.de,Kindle Edition,371,2017,2017,,2023/09/12,to-read,to-read (#37),to-read,,,,0,0
41433894,"Uzix (Creators of Six, #3)",Jacob L. White,"White, Jacob L.",,"=""""","=""""",0,Jacob L. White,ebook,307,2018,,,2023/09/12,to-read,to-read (#36),to-read,,,,0,0
36605670,"Grassin (Creators of Six, #2)",Jacob L. White,"White, Jacob L.",,"=""""","=""""",0,Jacob L. White,ebook,,2018,,,2023/09/12,to-read,to-read (#35),to-read,,,,0,0
35558736,"Ellipsis (Creators of Six, #1)",Jacob L. White,"White, Jacob L.",,"=""1973134926""","=""9781973134923""",0,Independently published,Paperback,387,2017,2017,,2023/09/12,to-read,to-read (#34),to-read,,,,0,0
19161852,"The Fifth Season (The Broken Earth, #1)",N.K. Jemisin,"Jemisin, N.K.",,"=""""","=""""",0,Orbit,Paperback,468,2015,2015,,2023/09/12,to-read,to-read (#33),to-read,,,,0,0
63251772,"The Traitor (Covenant of Steel, #3)",Anthony Ryan,"Ryan, Anthony",,"=""0316430838""","=""9780316430838""",0,Orbit,Paperback,576,2023,2023,,2023/09/12,to-read,to-read (#32),to-read,,,,0,0
13578175,The Emperor's Soul,Brandon Sanderson,"Sanderson, Brandon",,"=""1616960922""","=""9781616960926""",0,Tachyon Publications,Paperback,175,2012,2012,,2019/11/11,to-read,to-read (#31),to-read,,,,1,0
15704486,"Calamity (Reckoners, #3)",Brandon Sanderson,"Sanderson, Brandon",,"=""0385743602""","=""9780385743600""",0,Delacorte Press,Hardcover,424,2016,2016,,2014/02/10,,,read,,,,1,0
36642458,"Skyward (Skyward, #1)",Brandon Sanderson,"Sanderson, Brandon",,"=""1473217857""","=""9781473217850""",0,Gollancz,Hardcover,528,2018,2018,,2019/11/11,,,read,,,,1,0
22443261,"The Rithmatist (The Rithmatist, #1)",Brandon Sanderson,"Sanderson, Brandon",,"=""1743532806""","=""9781743532805""",0,Tor UK,Kindle Edition,386,2014,2013,,2019/11/11,,,read,,,,1,0
15704459,"Firefight (The Reckoners, #2)",Brandon Sanderson,"Sanderson, Brandon",,"=""0385743580""","=""9780385743587""",0,Delacorte Press,Hardcover,416,2015,2015,,2014/02/10,,,read,,,,1,0
68427,"Elantris (Elantris, #1)",Brandon Sanderson,"Sanderson, Brandon",,"=""0765350378""","=""9780765350374""",0,Tor Fantasy,Mass Market Paperback,638,2006,2005,,2019/11/11,,,read,,,,1,0
46266815,"Der Dieb und der Söldner (Die Gaukler-Chroniken, #1)",Sam Feuerbach,"Feuerbach, Sam",Robert      Frank,"=""""","=""""",0,Audible Studios,Audible Audio,11,2019,,,2019/11/11,to-read,to-read (#30),to-read,,,,0,0
27422568,"Der Seelenspeer (Die Krosann-Saga - Königsweg, #2)",Sam Feuerbach,"Feuerbach, Sam",,"=""""","=""""",0,www.samfeuerbach.de,Kindle Edition,369,2015,,,2019/11/11,,,read,,,,1,0
42603801,"Der Totengräbersohn 4 (Der Totengräbersohn, #4)",Sam Feuerbach,"Feuerbach, Sam",,"=""""","=""""",0,www.samfeuerbach.de,Kindle Edition,380,2018,,,2019/11/11,,,read,,,,1,0
38191259,"Der Totengräbersohn (Der Totengräbersohn, #3)",Sam Feuerbach,"Feuerbach, Sam",,"=""""","=""""",0,Independently Published,Kindle Edition,418,2018,,,2019/11/11,,,read,,,,1,0
25374390,"Die Myrnengöttin (Die Krosann-Saga - Königsweg, #1)",Sam Feuerbach,"Feuerbach, Sam",,"=""""","=""""",0,www.samfeuerbach.de,Kindle Edition,397,2015,2015,,2019/11/11,,,read,,,,1,0
22838012,"Der Schwertmeister (Die Krosann-Saga - Lehrjahre, #2)",Sam Feuerbach,"Feuerbach, Sam",,"=""""","=""""",0,www.samfeuerbach.de,Kindle Edition,419,2014,2014,,2019/11/11,,,read,,,,1,0
23449510,"Die Sanduhr (Die Krosann-Saga - Lehrjahre, #3)",Sam Feuerbach,"Feuerbach, Sam",,"=""""","=""""",0,www.samfeuerbach.de,Kindle Edition,374,2014,2014,,2019/11/11,,,read,,,,1,0
35440993,"Der Totengräbersohn (Der Totengräbersohn, #2)",Sam Feuerbach,"Feuerbach, Sam",,"=""""","=""""",0,Independently Published,Kindle Edition,403,2017,,,2019/11/11,,,read,,,,1,0
34630305,"Der Totengräbersohn 1 (Der Totengräbersohn, #1)",Sam Feuerbach,"Feuerbach, Sam",,"=""""","=""""",0,Independently Published,Kindle Edition,392,2017,,,2019/11/11,,,read,,,,1,0
22837999,"Die Auftragsmörderin (Die Krosann-Saga - Lehrjahre, #1)",Sam Feuerbach,"Feuerbach, Sam",,"=""1499355130""","=""9781499355130""",0,CreateSpace Independent Publishing Platform,Paperback,388,2014,2014,,2019/11/11,,,read,,,,1,0
20518872,"The Three-Body Problem (Remembrance of Earth’s Past, #1)",Liu Cixin,"Cixin, Liu",Ken Liu,"=""""","=""""",0,Tor Books,Hardcover,472,2014,2006,,2019/11/11,,,read,,,,1,0
23168817,"The Dark Forest (Remembrance of Earth’s Past, #2)",Liu Cixin,"Cixin, Liu",Joel Martinsen,"=""""","=""""",0,Tor Books,Hardcover,512,2015,2008,,2019/11/11,,,read,,,,1,0
25451264,"Death's End (Remembrance of Earth’s Past, #3)",Liu Cixin,"Cixin, Liu",Ken Liu,"=""0765377101""","=""9780765377104""",0,TOR,Hardcover,604,2016,2010,,2019/11/11,,,read,,,,1,0
30841984,"Kings of the Wyld (The Band, #1)",Nicholas Eames,"Eames, Nicholas",,"=""0316362476""","=""9780316362474""",0,Orbit,Paperback,502,2017,2017,,2019/11/11,,,read,,,,1,0
36515190,"Die Vergangenheit ist noch nicht geschehen (Instabil, #1)",Sam Feuerbach,"Feuerbach, Sam",Thariot,"=""""","=""""",0,Amazon Digital Services,Kindle Edition,413,2017,2017,,2019/11/11,,,read,,,,1,0
35052265,"Bloody Rose (The Band, #2)",Nicholas Eames,"Eames, Nicholas",,"=""0356509044""","=""9780356509044""",0,Orbit,Paperback,512,2018,2018,,2019/11/11,,,read,,,,1,0
568094,Echoes of the Great Song,David Gemmell,"Gemmell, David",,"=""0345432320""","=""9780345432322""",5.0,Del Rey,Mass Market Paperback,437,2002,1997,2019/11/11,2014/02/27,,,read,,,,1,0
17250969,"Untitled (The Stormlight Archive, #6)",Brandon Sanderson,"Sanderson, Brandon",,"=""""","=""""",0,Tor Books,Hardcover,,,2028,,2014/02/10,to-read,to-read (#6),to-read,,,,0,0
17250985,"Untitled (The Stormlight Archive, #10)",Brandon Sanderson,"Sanderson, Brandon",,"=""""","=""""",0,Tor Books,Hardcover,,,,,2014/02/10,to-read,to-read (#9),to-read,,,,0,0
17250973,"Untitled (The Stormlight Archive, #9)",Brandon Sanderson,"Sanderson, Brandon",,"=""""","=""""",0,Tor Books,Hardcover,,,,,2014/02/10,to-read,to-read (#8),to-read,,,,0,0
17250971,"Untitled (The Stormlight Archive, #7)",Brandon Sanderson,"Sanderson, Brandon",,"=""""","=""""",0,Tor Books,Hardcover,,,,,2014/02/10,to-read,to-read (#7),to-read,,,,0,0
7022317,Shadow Prowler (Chronicles of Siala #1),Alexey Pehov,"Pehov, Alexey","Алексей Пехов, Andrew Bloomfield","=""1847375634""","=""9781847375636""",0,Simon & Schuster,Paperback,396,2010,2002,,2014/03/14,,,read,,,,1,0
9595650,"Hexed (The Iron Druid Chronicles, #2)",Kevin Hearne,"Hearne, Kevin",,"=""0345522494""","=""9780345522498""",0,Del Rey,Mass Market Paperback,296,2011,2011,,2014/02/10,,,read,,,,1,0
18633478,"Shattered (The Iron Druid Chronicles, #7)",Kevin Hearne,"Hearne, Kevin",,"=""""","=""""",0,Del Rey,ebook,353,2014,2014,,2014/06/06,to-read,to-read (#29),to-read,,,,0,0
12395241,"Sworn in Steel (Tales of the Kin, #2)",Douglas Hulick,"Hulick, Douglas",,"=""0451464478""","=""9780451464477""",0,Ace,Mass Market Paperback,499,2014,2014,,2014/06/06,to-read,to-read (#28),to-read,,,,0,0
17910124,"The Emperor's Blades (Chronicle of the Unhewn Throne, #1)",Brian Staveley,"Staveley, Brian",,"=""0765336405""","=""9780765336408""",0,Tor Books,Hardcover,480,2014,2014,,2014/06/06,to-read,to-read (#27),to-read,,,,0,0
17608111,"The Crimson Campaign (Powder Mage, #2)",Brian  McClellan,"McClellan, Brian",,"=""0356502023""","=""9780356502021""",0,Orbit,Hardcover,596,2014,2014,,2014/06/06,to-read,to-read (#26),to-read,,,,0,0
18666047,"Half a King (Shattered Sea, #1)",Joe Abercrombie,"Abercrombie, Joe",,"=""0804178321""","=""9780804178327""",0,Del Rey,Hardcover,336,2014,2014,,2014/06/06,to-read,to-read (#25),to-read,,,,0,0
18658063,"Fool's Assassin (The Fitz and The Fool Trilogy, #1)",Robin Hobb,"Hobb, Robin",,"=""0007444176""","=""9780007444175""",0,Harper Voyager,Hardcover,630,2014,2014,,2014/06/06,to-read,to-read (#24),to-read,,,,0,0
16065004,"Shadows of Self (Mistborn, #5)",Brandon Sanderson,"Sanderson, Brandon",,"=""0765378558""","=""9780765378552""",0,Tor Books,Hardcover,376,2015,2015,,2014/06/06,to-read,to-read (#23),to-read,,,,0,0
8074907,"The Thorn of Emberlain (Gentleman Bastard, #4)",Scott Lynch,"Lynch, Scott",,"=""0575079584""","=""9780575079588""",0,Gollancz,Hardcover,512,,,,2014/06/06,to-read,to-read (#22),to-read,,,,0,0
12652457,"The Broken Eye (Lightbringer, #3)",Brent Weeks,"Weeks, Brent",,"=""0316235555""","=""9780316235556""",0,Orbit,Kindle Edition,688,2014,2014,,2014/06/06,to-read,to-read (#21),to-read,,,,0,0
10394348,"Doors of Stone (The Kingkiller Chronicle, #3)",Patrick Rothfuss,"Rothfuss, Patrick",,"=""1423389441""","=""9781423389446""",0,Brilliance Audio,Audio CD,,,,,2014/02/10,to-read,to-read (#3),to-read,,,,0,0
8940208,Shadow Chaser (Chronicles of Siala #2),Alexey Pehov,"Pehov, Alexey",,"=""0765324040""","=""9780765324047""",0,Tor Books,Hardcover,368,2011,2002,,2014/03/14,to-read,to-read (#19),to-read,,,,0,0
12160936,Shadow Blizzard (Chronicles of Siala #3),Alexey Pehov,"Pehov, Alexey",,"=""0765324059""","=""9780765324054""",0,Tor Books,Hardcover,464,2012,2003,,2014/03/14,to-read,to-read (#20),to-read,,,,0,0
17251814,"Die Karte der Welt (Die Karte der Welt, #1)",Royce Buckingham,"Buckingham, Royce",Michael Pfingstl,"=""""","=""9783442268849""",4.0,Blanvalet,Paperback,606,2013,2013,2014/02/27,2014/02/10,,,read,,,,1,0
15750588,The Legacy Of Lord Regret (Strange Threads #1),Sam Bowring,"Bowring, Sam",,"=""0733628125""","=""9780733628122""",5.0,Orbit,Paperback,421,2012,2012,,2014/02/11,,,read,,,,1,0
15847245,The Lord of Lies (Strange Threads #2),Sam Bowring,"Bowring, Sam",,"=""0733628273""","=""9780733628276""",0,Orbit,Paperback,373,2012,2012,,2014/02/11,to-read,to-read (#18),to-read,,,,0,0
18191460,"Prince of Fools (The Red Queen's War, #1)",Mark  Lawrence,"Lawrence, Mark",,"=""1101630930""","=""9781101630938""",0,Ace,Kindle Edition,367,2014,2014,,2014/02/11,to-read,to-read (#17),to-read,,,,0,0
15985373,"Emperor of Thorns (Broken Empire, #3)",Mark  Lawrence,"Lawrence, Mark",,"=""0425256855""","=""9780425256855""",0,Ace,Hardcover,434,2013,2013,,2014/02/11,to-read,to-read (#16),to-read,,,,0,0
17317908,"The Third Kingdom (Sword of Truth, #13; Richard and Kahlan, #2)",Terry Goodkind,"Goodkind, Terry",,"=""0007303718""","=""9780007303717""",3.0,Harper Voyager,Hardcover,527,2013,2012,,2014/02/11,,,read,,,,1,0
8598554,"The Omen Machine (Sword of Truth, #12; Richard and Kahlan, #1)",Terry Goodkind,"Goodkind, Terry",,"=""038566740X""","=""9780385667401""",4.0,Doubleday Canada,Hardcover,528,2011,2011,,2014/02/11,,,read,,,,1,0
604803,"Confessor (Sword of Truth, #11)",Terry Goodkind,"Goodkind, Terry",,"=""0765315238""","=""9780765315236""",4.0,Tor Books,Hardcover,603,2007,2007,,2014/02/11,,,read,,,,1,0
43884,"Phantom (Sword of Truth, #10)",Terry Goodkind,"Goodkind, Terry",,"=""0765305240""","=""9780765305244""",3.0,Tor Books,Hardcover,587,2006,2006,,2014/02/11,,,read,,,,1,0
43887,"Chainfire (Sword of Truth, #9)",Terry Goodkind,"Goodkind, Terry",,"=""0765344319""","=""9780765344311""",4.0,Tor Fantasy,Mass Market Paperback,748,2005,2005,,2014/02/11,,,read,,,,1,0
43893,"Naked Empire (Sword of Truth, #8)",Terry Goodkind,"Goodkind, Terry",,"=""0765344300""","=""9780765344304""",4.0,Tor Fantasy,Mass Market Paperback,725,2004,2003,,2014/02/11,,,read,,,,1,0
5038,"The Pillars of Creation (Sword of Truth, #7)",Terry Goodkind,"Goodkind, Terry",,"=""0765340747""","=""9780765340740""",3.0,Tor Books,Mass Market Paperback,725,2002,2001,,2014/02/11,,,read,,,,1,0
761732,"Soul of the Fire (Sword of Truth, #5)",Terry Goodkind,"Goodkind, Terry",,"=""0812551494""","=""9780812551495""",3.0,Tor Fantasy,Mass Market Paperback,788,2000,1999,,2014/02/11,,,read,,,,1,0
121127,"Faith of the Fallen (Sword of Truth, #6)",Terry Goodkind,"Goodkind, Terry",,"=""081257639X""","=""9780812576399""",3.0,Tor,Mass Market Paperback,785,2001,2000,,2014/02/11,,,read,,,,1,0
253058,"Temple of the Winds (Sword of Truth, #4)",Terry Goodkind,"Goodkind, Terry","Dick Hill, Ferhan Ertürk","=""""","=""""",4.0,Brilliance Audio,Audio CD,822,2007,1997,,2014/02/11,,,read,,,,1,0
43892,"Blood of the Fold (Sword of Truth, #3)",Terry Goodkind,"Goodkind, Terry",,"=""0812551478""","=""9780812551471""",3.0,Tor Books,Mass Market Paperback,623,1997,1996,,2014/02/11,,,read,,,,1,0
234184,"Stone of Tears (Sword of Truth, #2)",Terry Goodkind,"Goodkind, Terry",,"=""0312857063""","=""9780312857066""",4.0,Tor Books,Hardcover,703,1995,1995,,2014/02/11,,,read,,,,1,0
43889,"Wizard's First Rule (Sword of Truth, #1)",Terry Goodkind,"Goodkind, Terry",,"=""0765346524""","=""9780765346520""",4.0,Tor Books,Mass Market Paperback,836,2003,1994,,2014/02/11,,,read,,,,1,0
18405221,"Queen of Fire (Raven's Shadow, #3)",Anthony Ryan,"Ryan, Anthony",,"=""1101612983""","=""9781101612989""",0,Ace,Kindle Edition,643,2015,2015,,2014/02/11,to-read,to-read (#15),to-read,,,,0,0
18138189,"Tower Lord (Raven's Shadow, #2)",Anthony Ryan,"Ryan, Anthony",,"=""0425265625""","=""9780425265628""",0,Ace Hardcover,Hardcover,608,2014,2014,,2014/02/11,to-read,to-read (#14),to-read,,,,0,0
944076,"Last Argument of Kings (The First Law, #3)",Joe Abercrombie,"Abercrombie, Joe",,"=""0575077905""","=""9780575077904""",5.0,Gollancz,Paperback,536,2008,2008,,2014/02/11,,,read,,,,1,0
902715,"Before They Are Hanged (The First Law, #2)",Joe Abercrombie,"Abercrombie, Joe",,"=""0575077883""","=""9780575077881""",4.0,Gollancz,Paperback,580,2007,2007,,2014/02/11,,,read,,,,1,0
944073,"The Blade Itself (The First Law, #1)",Joe Abercrombie,"Abercrombie, Joe",,"=""0575079797""","=""9780575079793""",4.0,Gollancz,Paperback,515,2007,2006,,2014/02/11,,,read,,,,1,0
18966322,"Mitosis (The Reckoners, #1.5)",Brandon Sanderson,"Sanderson, Brandon",,"=""0449818438""","=""9780449818435""",0,Delacorte Press,ebook,55,2013,2013,,2014/02/10,to-read,to-read (#13),to-read,,,,0,0
2767793,"The Hero of Ages (Mistborn, #3)",Brandon Sanderson,"Sanderson, Brandon",,"=""0765316897""","=""9780765316899""",4.0,Tor Books,Hardcover,572,2008,2008,,2014/02/10,,,read,,,,1,0
68429,"The Well of Ascension (Mistborn, #2)",Brandon Sanderson,"Sanderson, Brandon",,"=""0765316889""","=""9780765316882""",5.0,Tor Books,Hardcover,590,2007,2007,,2014/02/10,,,read,,,,1,0
18905585,Der Keller (Ödland #1),Christoph Zachariae,"Zachariae, Christoph",Colin M. Winkler,"=""""","=""""",4.0,LUCID DREAMS,Kindle Edition,261,2013,2012,,2014/02/10,,,read,,,,1,0
9533378,"Hounded (The Iron Druid Chronicles, #1)",Kevin Hearne,"Hearne, Kevin",,"=""0345522478""","=""9780345522474""",5.0,Del Rey,Mass Market Paperback,304,2011,2011,,2014/02/10,,,read,,,,1,0
9595620,"Hammered (The Iron Druid Chronicles, #3)",Kevin Hearne,"Hearne, Kevin",,"=""0345522486""","=""9780345522481""",0,Random House Publishing Group,Mass Market Paperback,336,2011,2011,,2014/02/10,to-read,to-read (#12),to-read,,,,0,0
16096968,"The Core (The Demon Cycle, #5)",Peter V. Brett,"Brett, Peter V.",,"=""0345531507""","=""9780345531506""",0,Del Rey,Hardcover,781,2017,2017,,2014/02/10,to-read,to-read (#11),to-read,,,,0,0
13630171,"The Skull Throne (Demon Cycle, #4)",Peter V. Brett,"Brett, Peter V.",,"=""0345531485""","=""9780345531483""",0,Del Rey,Hardcover,681,2015,2015,,2014/02/10,to-read,to-read (#10),to-read,,,,0,0
9268487,"The Daylight War (Demon Cycle, #3)",Peter V. Brett,"Brett, Peter V.",,"=""0345503821""","=""9780345503824""",5.0,Random House Del Ray,Hardcover,639,2013,2013,,2014/02/10,,,read,,,,1,0
6736971,"The Desert Spear (The Demon Cycle, #2)",Peter V. Brett,"Brett, Peter V.",,"=""0345503813""","=""9780345503817""",5.0,Del Rey,Hardcover,579,2010,2010,,2014/02/10,,,read,,,,1,0
3428935,The Warded Man (Demon Cycle #1),Peter V. Brett,"Brett, Peter V.",,"=""0345503805""","=""9780345503800""",5.0,Random House,Hardcover,416,2009,2008,,2014/02/10,,,read,,,,1,0
17250966,"Rhythm of War (The Stormlight Archive, #4)",Brandon Sanderson,"Sanderson, Brandon",,"=""""","=""""",0,Tor Books,Kindle Edition,1231,2020,2020,,2014/02/10,to-read,to-read (#5),to-read,,,,0,0
17250961,"Oathbringer (The Stormlight Archive, #3)",Brandon Sanderson,"Sanderson, Brandon",,"=""057509334X""","=""9780575093348""",0,Gollancz ,Paperback,1243,2017,2017,,2014/02/10,to-read,to-read (#4),to-read,,,,0,0
11543195,"Words of Radiance (The Stormlight Archive, #2)",Brandon Sanderson,"Sanderson, Brandon",,"=""0575097396""","=""9780575097391""",5.0,Gollancz,Paperback,1088,2014,2014,,2014/02/10,,,read,,,,1,0
6382055,"A Dream of Spring (A Song of Ice and Fire, #7)",George R.R. Martin,"Martin, George R.R.",,"=""""","=""""",0,Harper Voyager,Hardcover,,,,,2014/02/10,to-read,to-read (#1),to-read,,,,0,0
12111823,"The Winds of Winter (A Song of Ice and Fire, #6)",George R.R. Martin,"Martin, George R.R.",,"=""0002247410""","=""9780002247412""",0,Harper Voyager,Hardcover,,,,,2014/02/10,to-read,to-read (#2),to-read,,,,0,0
10664113,"A Dance with Dragons (A Song of Ice and Fire, #5)",George R.R. Martin,"Martin, George R.R.",,"=""""","=""""",5.0,Random House Worlds,Kindle Edition,1125,2011,2011,,2014/02/10,,,read,,,,1,0
13497,"A Feast for Crows (A Song of Ice and Fire, #4)",George R.R. Martin,"Martin, George R.R.",,"=""""","=""""",5.0,Bantam Books,Mass Market Paperback,1060,2011,2005,,2014/02/10,,,read,,,,1,0
62291,"A Storm of Swords (A Song of Ice and Fire, #3)",George R.R. Martin,"Martin, George R.R.",,"=""""","=""""",5.0,Bantam,Mass Market Paperback,1177,2003,2000,,2014/02/10,,,read,,,,1,0
10572,"A Clash of Kings  (A Song of Ice and Fire, #2)",George R.R. Martin,"Martin, George R.R.",,"=""""","=""""",5.0,Random House Worlds,Paperback,1009,2002,1998,,2014/02/10,,,read,,,,1,0
12497,No Country for Old Men,Cormac McCarthy,"McCarthy, Cormac",,"=""""","=""""",4.0,Knopf Doubleday Publishing Group,Paperback,309,2006,2005,,2014/02/10,,,read,,,,1,0
6288,The Road,Cormac McCarthy,"McCarthy, Cormac",,"=""0307265439""","=""9780307265432""",5.0,Alfred A. Knopf,Hardcover,241,2006,2006,,2014/02/10,,,read,,,,1,0
394535,"Blood Meridian, or, the Evening Redness in the West",Cormac McCarthy,"McCarthy, Cormac",,"=""""","=""""",5.0,Vintage Books,Paperback,351,2010,1985,,2014/02/10,,,read,,,,1,0
469571,"All the Pretty Horses (The Border Trilogy, #1)",Cormac McCarthy,"McCarthy, Cormac",,"=""0679744398""","=""9780679744399""",4.0,Vintage,Paperback,302,1993,1992,,2014/02/10,,,read,,,,1,0
349254,The Lord of the Rings: The Return of the King: Visual Companion,Jane Johnson,"Johnson, Jane",Jude Fisher,"=""0618390979""","=""9780618390977""",5.0,Houghton Mifflin Harcourt,Hardcover,72,2003,2003,,2014/02/10,,,read,,,,1,0
6344097,"Stephen King's The Stand, Volume 1: Captain Trips",Roberto Aguirre-Sacasa,"Aguirre-Sacasa, Roberto","Laura   Martin, Mike Perkins, Stephen  King","=""0785136207""","=""9780785136200""",5.0,Marvel Comics ,Hardcover,160,2009,2009,,2014/02/10,,,read,,,,1,0
68428,"Mistborn: The Final Empire (Mistborn, #1)",Brandon Sanderson,"Sanderson, Brandon",,"=""""","=""9780765311788""",5.0,Tor Books,Hardcover,541,2006,2006,,2014/02/10,,,read,,,,1,0
95558,Solaris,Stanisław Lem,"Lem, Stanisław","Steve Cox, Joanna Kilmartin","=""""","=""""",5.0,Harcourt,Paperback,204,2002,1961,,2014/02/10,,,read,,,,1,0
9969571,"Ready Player One (Ready Player One, #1)",Ernest Cline,"Cline, Ernest",,"=""030788743X""","=""9780307887436""",4.0,Crown Publishers,Hardcover,480,2011,2011,,2014/02/10,,,read,,,,1,0
91981,"The Dragonbone Chair (Memory, Sorrow, and Thorn, #1)",Tad Williams,"Williams, Tad",,"=""0756402697""","=""9780756402693""",4.0,DAW,Paperback,672,2005,1988,,2014/02/10,,,read,,,,1,0
55399,"Gardens of the Moon (Malazan Book of the Fallen, #1)",Steven Erikson,"Erikson, Steven",,"=""0765348780""","=""9780765348784""",1.0,Tor Books,Mass Market Paperback,666,2005,1999,,2014/02/10,,,read,,,,1,0
3227063,"The Way of Shadows (Night Angel, #1)",Brent Weeks,"Weeks, Brent",,"=""0316033677""","=""9780316033671""",4.0,Orbit,Mass Market Paperback,645,2008,2008,,2014/02/10,,,read,,,,1,0
43615,"The Gunslinger (The Dark Tower, #1)",Stephen  King,"King, Stephen",,"=""""","=""""",5.0,Plume,Paperback,231,2003,1982,,2014/02/10,,,read,,,,1,0
5907,"The Hobbit, or There and Back Again",J.R.R. Tolkien,"Tolkien, J.R.R.","Douglas A. Anderson, Michael Hague, Jemima Catlin","=""""","=""""",5.0,Houghton Mifflin,Paperback,366,2002,1937,,2014/02/10,,,read,,,,1,0
2767052,"The Hunger Games (The Hunger Games, #1)",Suzanne Collins,"Collins, Suzanne",,"=""0439023483""","=""9780439023481""",5.0,Scholastic Press,Hardcover,374,2008,2008,,2014/02/10,,,read,,,,1,0
3609760,Twilight: The Complete Illustrated Movie Companion,Mark Cotta Vaz,"Vaz, Mark Cotta",,"=""0316043133""","=""9780316043137""",2.0,"Little, Brown Books for Young Readers",Paperback,144,2008,2008,,2014/02/10,,,read,,,,1,0
41865,"Twilight (The Twilight Saga, #1)",Stephenie Meyer,"Meyer, Stephenie",,"=""0316015849""","=""9780316015844""",3.0,"Little, Brown and Company",Paperback,544,2006,2005,,2014/02/10,,,read,,,,1,0
186074,"The Name of the Wind (The Kingkiller Chronicle, #1)",Patrick Rothfuss,"Rothfuss, Patrick",,"=""075640407X""","=""9780756404079""",5.0,Penguin Group DAW,Hardcover,662,2007,2007,,2014/02/10,,,read,,,,1,0
9579634,"Prince of Thorns (Broken Empire, #1)",Mark  Lawrence,"Lawrence, Mark",,"=""0007423292""","=""9780007423293""",4.0,Voyager,Hardcover,373,2011,2011,,2014/02/10,,,read,,,,1,0
12891107,"King of Thorns (Broken Empire, #2)",Mark  Lawrence,"Lawrence, Mark",,"=""1937007472""","=""9781937007478""",4.0,Ace Books,Hardcover,449,2012,2012,,2014/02/10,,,read,,,,1,0
13569581,"Blood Song (Raven's Shadow, #1)",Anthony Ryan,"Ryan, Anthony",,"=""1466085665""","=""9781466085664""",5.0,Anthony  Ryan,Kindle Edition,591,2012,2011,,2014/02/10,,,read,,,,1,0
7165300,"The Black Prism (Lightbringer, #1)",Brent Weeks,"Weeks, Brent",,"=""0316075558""","=""9780316075558""",4.0,Orbit,Hardcover,629,2010,2010,,2014/02/10,,,read,,,,1,0
7235533,"The Way of Kings (The Stormlight Archive, #1)",Brandon Sanderson,"Sanderson, Brandon",,"=""0765326353""","=""9780765326355""",5.0,Tor Books,Hardcover,1007,2010,2010,,2014/02/10,,,read,,,,1,0
1215032,"The Wise Man's Fear (The Kingkiller Chronicle, #2)",Patrick Rothfuss,"Rothfuss, Patrick",,"=""0756404738""","=""9780756404734""",5.0,DAW Books,Hardcover,994,2011,2011,,2014/02/10,,,read,,,,1,0
34,"The Fellowship of the Ring (The Lord of the Rings, #1)",J.R.R. Tolkien,"Tolkien, J.R.R.","Francis Ledoux, Maria Skibniewska","=""0618346252""","=""9780618346257""",5.0,Houghton Mifflin Harcourt,Paperback,398,2003,1954,,2014/02/10,,,read,,,,1,0
13496,"A Game of Thrones (A Song of Ice and Fire, #1)",George R.R. Martin,"Martin, George R.R.",,"=""""","=""""",5.0,Bantam,Mass Market Paperback,835,2005,1996,,2014/02/10,,,read,,,,1,0
17182126,"Steelheart (The Reckoners, #1)",Brandon Sanderson,"Sanderson, Brandon",,"=""0385743564""","=""9780385743563""",5.0,Delacorte Press,Hardcover,400,2013,2013,,2014/02/10,,,read,,,,1,0
